word,language
casa,pt
apartamento,pt
quarto,pt
cozinha,pt
banheiro,pt
janela,pt
porta,pt
parede,pt
teto,pt
chao,pt
mesa,pt
cadeira,pt
sofa,pt
cama,pt
armario,pt
lampada,pt
espelho,pt
tapete,pt
garagem,pt
jardim,pt
rua,pt
avenida,pt
bairro,pt
cidade,pt
vila,pt
campo,pt
praia,pt
montanha,pt
floresta,pt
rio,pt
mar,pt
ilha,pt
pais,pt
mundo,pt
terra,pt
ceu,pt
sol,pt
lua,pt
estrela,pt
nuvem,pt
chuva,pt
vento,pt
tempestade,pt
neve,pt
fogo,pt
agua,pt
gelo,pt
areia,pt
pedra,pt
animal,pt
cachorro,pt
gato,pt
cavalo,pt
passaro,pt
peixe,pt
vaca,pt
porco,pt
galinha,pt
inseto,pt
arvore,pt
flor,pt
folha,pt
fruta,pt
maca,pt
banana,pt
laranja,pt
uva,pt
comida,pt
arroz,pt
feijao,pt
carne,pt
pao,pt
queijo,pt
leite,pt
cafe,pt
cha,pt
acucar,pt
sal,pt
familia,pt
pai,pt
mae,pt
filho,pt
filha,pt
irmao,pt
irma,pt
avo,pt
amigo,pt
amor,pt
felicidade,pt
tristeza,pt
alegria,pt
medo,pt
raiva,pt
esperanca,pt
vida,pt
morte,pt
tempo,pt
dia,pt
noite,pt
manha,pt
tarde,pt
semana,pt
mes,pt
ano,pt
hoje,pt
ontem,pt
amanha,pt
momento,pt
hora,pt
minuto,pt
segundo,pt
informacao,pt
informar,pt
comunicacao,pt
comunidade,pt
educacao,pt
universidade,pt
estudante,pt
professor,pt
escola,pt
faculdade,pt
ciencia,pt
tecnologia,pt
matematica,pt
fisica,pt
quimica,pt
biologia,pt
historia,pt
geografia,pt
filosofia,pt
linguagem,pt
palavra,pt
frase,pt
texto,pt
livro,pt
leitura,pt
escrita,pt
pesquisa,pt
estudo,pt
conhecimento,pt
aprendizado,pt
desenvolvimento,pt
criacao,pt
projeto,pt
sistema,pt
programa,pt
computador,pt
internet,pt
software,pt
hardware,pt
codigo,pt
aplicacao,pt
arquivo,pt
dados,pt
rede,pt
seguranca,pt
energia,pt
eletricidade,pt
maquina,pt
engenharia,pt
industria,pt
empresa,pt
negocio,pt
economia,pt
mercado,pt
dinheiro,pt
produto,pt
servico,pt
cliente,pt
trabalho,pt
profissao,pt
carreira,pt
experiencia,pt
qualidade,pt
resultado,pt
processo,pt
metodo,pt
analise,pt
problema,pt
solucao,pt
decisao,pt
possibilidade,pt
necessidade,pt
importante,pt
diferente,pt
simples,pt
complexo,pt
rapido,pt
lento,pt
forte,pt
fraco,pt
grande,pt
pequeno,pt
novo,pt
antigo,pt
melhor,pt
pior,pt
falar,pt
dizer,pt
contar,pt
perguntar,pt
responder,pt
escutar,pt
ouvir,pt
ver,pt
olhar,pt
sentir,pt
pensar,pt
lembrar,pt
esquecer,pt
saber,pt
conhecer,pt
entender,pt
aprender,pt
ensinar,pt
ler,pt
escrever,pt
estudar,pt
trabalhar,pt
criar,pt
fazer,pt
usar,pt
abrir,pt
fechar,pt
entrar,pt
sair,pt
chegar,pt
partir,pt
andar,pt
correr,pt
pular,pt
nadar,pt
voar,pt
viajar,pt
comer,pt
beber,pt
cozinhar,pt
comprar,pt
vender,pt
pagar,pt
ganhar,pt
perder,pt
encontrar,pt
buscar,pt
colocar,pt
tirar,pt
mover,pt
parar,pt
comecar,pt
terminar,pt
continuar,pt
mudar,pt
crescer,pt
viver,pt
morrer,pt
nascer,pt
amar,pt
gostar,pt
ajudar,pt
precisar,pt
querer,pt
poder,pt
dever,pt
tentar,pt
esperar,pt
decidir,pt
escolher,pt
permitir,pt
receber,pt
enviar,pt
mostrar,pt
seguir,pt
voltar,pt
ficar,pt
manter,pt
perceber,pt
resolver,pt
acao,pt
adaptacao,pt
organizacao,pt
nacao,pt
situacao,pt
relacao,pt
producao,pt
traducao,pt
operacao,pt
preparacao,pt
apresentacao,pt
construcao,pt
direcao,pt
funcao,pt
expressao,pt
emocao,pt
movimento,pt
pensamento,pt
sentimento,pt
elemento,pt
documento,pt
instrumento,pt
argumento,pt
exemplo,pt
modelo,pt
forma,pt
parte,pt
linha,pt
ponto,pt
numero,pt
grupo,pt
ordem,pt
lugar,pt
questao,pt
resposta,pt
motivo,pt
razao,pt
caso,pt
lado,pt
tipo,pt
nivel,pt
area,pt
base,pt
centro,pt
fim,pt
inicio,pt
meio,pt
baixo,pt
alto,pt
dentro,pt
fora,pt
perto,pt
longe,pt
direito,pt
esquerdo,pt
junto,pt
sozinho,pt
sempre,pt
nunca,pt
algum,pt
nenhum,pt
muito,pt
pouco,pt
mais,pt
menos,pt
ainda,pt
agora,pt
depois,pt
antes,pt
porque,pt
quando,pt
onde,pt
como,pt
sim,pt
nao,pt
advogado,pt
medico,pt
engenheiro,pt
arquiteto,pt
jornalista,pt
psicologo,pt
administrador,pt
contador,pt
designer,pt
programador,pt
analista,pt
consultor,pt
diretor,pt
gerente,pt
coordenador,pt
supervisor,pt
assistente,pt
tecnico,pt
especialista,pt
pesquisador,pt
cientista,pt
escritor,pt
poeta,pt
artista,pt
pintor,pt
escultor,pt
musico,pt
cantor,pt
ator,pt
atriz,pt
diretor de cinema,pt
produtor,pt
editor,pt
revisor,pt
tradutor,pt
interprete,pt
fotografo,pt
cinegrafista,pt
ilustrador,pt
animador,pt
web designer,pt
desenvolvedor,pt
administrador de banco de dados,pt
arquiteto de software,pt
engenheiro de dados,pt
cientista de dados,pt
analista de segurança,pt
administrador de redes,pt
suporte tecnico,pt
operador,pt
mecanico,pt
eletricista,pt
encanador,pt
pedreiro,pt
carpinteiro,pt
marceneiro,pt
serralheiro,pt
soldador,pt
pintor de paredes,pt
mestre de obras,pt
tecnico em edificacoes,pt
topografo,pt
geologo,pt
arqueologo,pt
antropologo,pt
sociologo,pt
historiador,pt
geografo,pt
filosofo,pt
politologo,pt
economista,pt
estatistico,pt
matematico,pt
fisico,pt
quimico,pt
biologo,pt
biomedico,pt
farmaceutico,pt
bioquimico,pt
biotecnologo,pt
agronomo,pt
veterinario,pt
zootecnista,pt
engenheiro florestal,pt
engenheiro ambiental,pt
ecologo,pt
meteorologista,pt
oceanografo,pt
astronomo,pt
piloto,pt
copiloto,pt
comissario de bordo,pt
aeromoca,pt
controlador de trafego aereo,pt
marujo,pt
capitao,pt
timoneiro,pt
maquinista,pt
motorista,pt
caminhoneiro,pt
taxista,pt
motoboy,pt
ciclista,pt
carteiro,pt
entregador,pt
atendente,pt
recepcionista,pt
secretaria,pt
telefonista,pt
operador de telemarketing,pt
vendedor,pt
consultor de vendas,pt
representante comercial,pt
gerente de contas,pt
corretor de imoveis,pt
corretor de seguros,pt
leiloeiro,pt
comerciante,pt
empresario,pt
industrial,pt
agricultor,pt
pecuario,pt
pescador,pt
cozinheiro,pt
chef de cozinha,pt
confeiteiro,pt
padeiro,pt
açougueiro,pt
peixeiro,pt
garçom,pt
garçonete,pt
barman,pt
barista,pt
sommelier,pt
nutricionista,pt
dietista,pt
gastronomo,pt
hoteleiro,pt
guia de turismo,pt
agente de viagens,pt
organizador de eventos,pt
cerimonialista,pt
promotor de eventos,pt
hostess,pt
modelo profissional,pt
manequim,pt
estilista,pt
costureira,pt
alfaiate,pt
modelista,pt
vitrinista,pt
visual merchandiser,pt
comprador de moda,pt
cabeleireiro,pt
barbeiro,pt
manicure,pt
pedicure,pt
esteticista,pt
maquiador,pt
visagista,pt
massoterapeuta,pt
fisioterapeuta,pt
terapeuta ocupacional,pt
fonoaudiologo,pt
psicopedagogo,pt
neuropsicologo,pt
psiquiatra,pt
psicanalista,pt
enfermeiro,pt
tecnico de enfermagem,pt
auxiliar de enfermagem,pt
socorrista,pt
paramedico,pt
dentista,pt
odontologo,pt
ortodontista,pt
endodontista,pt
periodontista,pt
cirurgiao,pt
anestesista,pt
pediatra,pt
ginecologista,pt
obstetra,pt
cardiologista,pt
dermatologista,pt
neurologista,pt
ortopedista,pt
oftalmologista,pt
otorrinolaringologista,pt
urologista,pt
oncologista,pt
endocrinologista,pt
gastroenterologista,pt
pneumologista,pt
nefrologista,pt
hematologista,pt
reumatologista,pt
infectologista,pt
geriatra,pt
medico do trabalho,pt
medico legista,pt
perito medico,pt
juiz,pt
promotor de justiça,pt
procurador,pt
defensor publico,pt
delegado,pt
escrivao,pt
inspetor,pt
investigator,pt
policial militar,pt
policial civil,pt
policial federal,pt
guarda municipal,pt
bombeiro,pt
salva-vidas,pt
segurança,pt
vigilante,pt
porteiro,pt
zelador,pt
faxineiro,pt
diarista,pt
governanta,pt
mordomo,pt
jardineiro,pt
piscineiro,pt
lavador de carros,pt
frentista,pt
manobrista,pt
valet,pt
cobrador,pt
fiscal,pt
auditor,pt
analista fiscal,pt
analista tributario,pt
consultor financeiro,pt
planejador financeiro,pt
analista de investimentos,pt
trader,pt
corretor de valores,pt
bancario,pt
caixa,pt
tesoureiro,pt
diretor financeiro,pt
controller,pt
analista de custos,pt
faturista,pt
auxiliar administrativo,pt
assistente administrativo,pt
tecnico em administracao,pt
analista de recursos humanos,pt
recrutador,pt
headhunter,pt
analista de cargos e salarios,pt
analista de treinamento,pt
gestor de pessoas,pt
diretor de rh,pt
psicologo organizacional,pt
analista de marketing,pt
analista de mídias sociais,pt
gestor de trafego,pt
copywriter,pt
redator,pt
diretor de arte,pt
planejador estrategico,pt
analista de branding,pt
gerente de produto,pt
gerente de marcas,pt
relações públicas,pt
assessor de imprensa,pt
lobista,pt
diplomata,pt
embaixador,pt
consul,pt
analista internacional,pt
tradutor juramentado,pt
professor universitario,pt
pesquisador cientifico,pt
coordenador pedagogico,pt
diretor escolar,pt
orientador educacional,pt
supervisor de ensino,pt
inspetor de alunos,pt
professor de educacao infantil,pt
professor de ensino fundamental,pt
professor de ensino medio,pt
professor de idiomas,pt
professor de musica,pt
professor de dança,pt
professor de teatro,pt
instrutor de autoescola,pt
instrutor de voo,pt
instrutor de pilates,pt
instrutor de yoga,pt
personal trainer,pt
preparador fisico,pt
tecnico de futebol,pt
treinador,pt
atleta profissional,pt
jogador de futebol,pt
jogador de basquete,pt
jogador de volei,pt
tenista,pt
nadador,pt
corredor,pt
maratonista,pt
ciclista profissional,pt
lutador,pt
pugilista,pt
judoca,pt
carateca,pt
esgrimista,pt
ginasta,pt
surfista,pt
skatista,pt
piloto de corrida,pt
jockey,pt
arbitro,pt
juiz de linha,pt
cronometrista,pt
comentarista esportivo,pt
jornalista esportivo,pt
locutor,pt
narrador,pt
apresentador de tv,pt
reporter,pt
ancora,pt
radialista,pt
sonoplasta,pt
dj,pt
produtor musical,pt
engenheiro de som,pt
tecnico de som,pt
roadie,pt
iluminador,pt
cenografo,pt
figurinista,pt
camareira,pt
maquiador cenico,pt
contra-regra,pt
bilheteiro,pt
lanterninha,pt
pipoqueiro,pt
sorveteiro,pt
doceiro,pt
salgadeiro,pt
churrasqueiro,pt
pizzaiolo,pt
sushiman,pt
crepeiro,pt
chapeiro,pt
balconista,pt
repositor,pt
estoquista,pt
conferente,pt
separador,pt
embalador,pt
carregador,pt
chapa,pt
ajudante geral,pt
servente de pedreiro,pt
armador,pt
carpinteiro de formas,pt
calceteiro,pt
asfaltador,pt
operador de retroescavadeira,pt
operador de guindaste,pt
operador de empilhadeira,pt
motorista de ônibus,pt
motorista de ambulancia,pt
abstrato,pt
concreto,pt
absoluto,pt
relativo,pt
subjetivo,pt
objetivo,pt
racional,pt
irracional,pt
logico,pt
ilogico,pt
teorico,pt
pratico,pt
empirico,pt
cientifico,pt
academico,pt
intelectual,pt
cultural,pt
artistico,pt
literario,pt
poetico,pt
musical,pt
visual,pt
auditivo,pt
tatil,pt
olfativo,pt
gustativo,pt
sensorial,pt
perceptivo,pt
cognitivo,pt
mental,pt
espiritual,pt
emocional,pt
psicologico,pt
social,pt
politico,pt
economico,pt
financeiro,pt
comercial,pt
industrial,pt
tecnologico,pt
digital,pt
virtual,pt
analogico,pt
eletronico,pt
mecanico,pt
automatico,pt
manual,pt
fisico,pt
quimico,pt
biologico,pt
ecologico,pt
ambiental,pt
natural,pt
artificial,pt
sintetico,pt
organico,pt
inorganico,pt
mineral,pt
vegetal,pt
animal,pt
humano,pt
divino,pt
sagrado,pt
profano,pt
religioso,pt
laico,pt
ateu,pt
agnostico,pt
crente,pt
fiel,pt
infiel,pt
leal,pt
desleal,pt
honesto,pt
deshonesto,pt
sincero,pt
falso,pt
verdadeiro,pt
errado,pt
correto,pt
incorreto,pt
justo,pt
injusto,pt
moral,pt
imoral,pt
amoral,pt
etico,pt
antiatleta,pt
legal,pt
ilegal,pt
licito,pt
ilicito,pt
valido,pt
invalido,pt
legitimo,pt
ilegitimo,pt
oficial,pt
extraoficial,pt
publico,pt
privado,pt
particular,pt
coletivo,pt
individual,pt
pessoal,pt
impessoal,pt
universal,pt
particular,pt
geral,pt
especifico,pt
especial,pt
comum,pt
raro,pt
frequente,pt
infrequente,pt
ocasional,pt
esporadico,pt
constante,pt
variavel,pt
permanente,pt
temporario,pt
provisorio,pt
definitivo,pt
efemero,pt
duradouro,pt
eterno,pt
finito,pt
infinito,pt
limitado,pt
ilimitado,pt
restrito,pt
irrestrito,pt
amplo,pt
estreito,pt
largo,pt
comprido,pt
curto,pt
alto,pt
baixo,pt
profundo,pt
superficial,pt
externo,pt
interno,pt
interior,pt
exterior,pt
central,pt
periferico,pt
marginal,pt
urbano,pt
rural,pt
local,pt
regional,pt
nacional,pt
internacional,pt
global,pt
mundial,pt
cosmico,pt
espacial,pt
temporal,pt
cronologico,pt
historico,pt
atual,pt
moderno,pt
contemporaneo,pt
antigo,pt
velho,pt
jovem,pt
adulto,pt
infantil,pt
juvenil,pt
senil,pt
paterno,pt
materno,pt
fraterno,pt
familiar,pt
conjugal,pt
social,pt
comunitario,pt
cooperativo,pt
competitivo,pt
solidario,pt
egoista,pt
altruista,pt
generoso,pt
avarento,pt
pao-duro,pt
gastador,pt
economico,pt
prudente,pt
imprudente,pt
cauteloso,pt
ousado,pt
corajoso,pt
covarde,pt
timido,pt
extrovertido,pt
introvertido,pt
sociavel,pt
antissocial,pt
simpatico,pt
antipatico,pt
agradavel,pt
desagradavel,pt
amavel,pt
hostil,pt
amigavel,pt
agressivo,pt
pacifico,pt
calmo,pt
nervoso,pt
tranquilo,pt
agitado,pt
sereno,pt
ansioso,pt
paciente,pt
impaciente,pt
tolerante,pt
intolerante,pt
compreensivo,pt
insensivel,pt
sensivel,pt
frio,pt
caloroso,pt
afetuoso,pt
indiferente,pt
apatico,pt
entusiasta,pt
motivado,pt
desmotivado,pt
interessado,pt
desinteressado,pt
curioso,pt
indiferente,pt
atento,pt
distraido,pt
focado,pt
disperso,pt
organizado,pt
desorganizado,pt
metodico,pt
caotico,pt
limpo,pt
sujo,pt
puro,pt
poluido,pt
contaminado,pt
saudavel,pt
doente,pt
enfermo,pt
forte,pt
fraco,pt
resistente,pt
fragil,pt
duravel,pt
quebradiço,pt
solido,pt
liquido,pt
gasoso,pt
fluido,pt
viscoso,pt
denso,pt
pesado,pt
leve,pt
massa,pt
volume,pt
densidade,pt
pressao,pt
temperatura,pt
calor,pt
frio,pt
clima,pt
tempo,pt
atmosphere,pt
biosfera,pt
ecossistema,pt
habitat,pt
biodiversidade,pt
especie,pt
genero,pt
familia,pt
ordem,pt
classe,pt
filo,pt
reino,pt
organismo,pt
celula,pt
tecido,pt
orgao,pt
sistema,pt
esqueleto,pt
musculo,pt
pele,pt
sangue,pt
coracao,pt
pulmao,pt
cerebro,pt
estomago,pt
figado,pt
rim,pt
intestino,pt
osso,pt
cartilagem,pt
articulacao,pt
tendao,pt
nervo,pt
veia,pt
arteria,pt
capilar,pt
hormonio,pt
enzima,pt
proteina,pt
carboidrato,pt
lipidio,pt
vitamina,pt
mineral,pt
agua,pt
oxigenio,pt
carbono,pt
hidrogenio,pt
nitrogenio,pt
calcio,pt
ferro,pt
potassio,pt
sodio,pt
magnesio,pt
fosforo,pt
enxofre,pt
cloro,pt
zinco,pt
cobre,pt
iodo,pt
fluor,pt
aluminio,pt
chumbo,pt
mercurio,pt
ouro,pt
prata,pt
cobre,pt
bronze,pt
ferro,pt
aço,pt
metal,pt
plastico,pt
vidro,pt
ceramica,pt
madeira,pt
papel,pt
papelao,pt
tecido,pt
algodao,pt
la,pt
seda,pt
linho,pt
sintetico,pt
poliester,pt
nylon,pt
borracha,pt
couro,pt
pedra,pt
marmore,pt
granito,pt
calcario,pt
argila,pt
areia,pt
cascalho,pt
cimento,pt
concreto,pt
tijolo,pt
telha,pt
tinta,pt
verniz,pt
cola,pt
adesivo,pt
solvente,pt
combustivel,pt
gasolina,pt
diesel,pt
etanol,pt
biodiesel,pt
gas natural,pt
carvao,pt
lenha,pt
house,en
apartment,en
room,en
kitchen,en
bathroom,en
window,en
door,en
wall,en
ceiling,en
floor,en
table,en
chair,en
sofa,en
bed,en
closet,en
lamp,en
mirror,en
carpet,en
garage,en
garden,en
street,en
avenue,en
neighborhood,en
city,en
village,en
country,en
field,en
beach,en
mountain,en
forest,en
river,en
sea,en
island,en
world,en
earth,en
sky,en
sun,en
moon,en
star,en
cloud,en
rain,en
wind,en
storm,en
snow,en
fire,en
water,en
ice,en
sand,en
stone,en
animal,en
dog,en
cat,en
horse,en
bird,en
fish,en
cow,en
pig,en
chicken,en
insect,en
tree,en
flower,en
leaf,en
fruit,en
apple,en
banana,en
orange,en
grape,en
food,en
rice,en
bean,en
meat,en
bread,en
cheese,en
milk,en
coffee,en
tea,en
sugar,en
salt,en
family,en
father,en
mother,en
son,en
daughter,en
brother,en
sister,en
grandfather,en
friend,en
love,en
happiness,en
sadness,en
joy,en
fear,en
anger,en
hope,en
life,en
death,en
time,en
day,en
night,en
morning,en
afternoon,en
week,en
month,en
year,en
today,en
yesterday,en
tomorrow,en
moment,en
hour,en
minute,en
second,en
beautiful,en
information,en
inform,en
communication,en
community,en
education,en
university,en
student,en
teacher,en
school,en
college,en
science,en
technology,en
mathematics,en
physics,en
chemistry,en
biology,en
history,en
geography,en
philosophy,en
language,en
word,en
sentence,en
text,en
book,en
reading,en
writing,en
research,en
study,en
knowledge,en
learning,en
development,en
creation,en
project,en
system,en
program,en
computer,en
internet,en
software,en
hardware,en
code,en
application,en
file,en
data,en
network,en
security,en
energy,en
electricity,en
machine,en
engineering,en
industry,en
company,en
business,en
economy,en
market,en
money,en
product,en
service,en
customer,en
work,en
profession,en
career,en
experience,en
quality,en
result,en
process,en
method,en
analysis,en
problem,en
solution,en
decision,en
possibility,en
necessity,en
important,en
different,en
simple,en
complex,en
fast,en
slow,en
strong,en
weak,en
large,en
small,en
new,en
old,en
better,en
worse,en
develop,en
speak,en
say,en
tell,en
ask,en
answer,en
listen,en
hear,en
see,en
look,en
feel,en
think,en
remember,en
forget,en
know,en
understand,en
learn,en
teach,en
read,en
write,en
create,en
do,en
make,en
use,en
open,en
close,en
enter,en
leave,en
arrive,en
depart,en
walk,en
run,en
jump,en
swim,en
fly,en
travel,en
eat,en
drink,en
cook,en
buy,en
sell,en
pay,en
earn,en
lose,en
find,en
search,en
put,en
take,en
move,en
stop,en
start,en
finish,en
continue,en
change,en
grow,en
live,en
die,en
like,en
help,en
need,en
want,en
can,en
must,en
try,en
wait,en
decide,en
choose,en
allow,en
receive,en
send,en
show,en
follow,en
return,en
stay,en
keep,en
notice,en
solve,en
adaptation,en
organization,en
nation,en
situation,en
relation,en
production,en
translation,en
operation,en
preparation,en
presentation,en
construction,en
direction,en
function,en
expression,en
emotion,en
movement,en
thought,en
feeling,en
element,en
document,en
instrument,en
argument,en
example,en
model,en
form,en
part,en
line,en
point,en
number,en
group,en
order,en
place,en
question,en
reason,en
case,en
side,en
type,en
level,en
area,en
base,en
center,en
end,en
beginning,en
middle,en
low,en
high,en
inside,en
outside,en
near,en
far,en
right,en
left,en
together,en
alone,en
always,en
never,en
some,en
none,en
much,en
little,en
more,en
less,en
still,en
now,en
after,en
before,en
why,en
when,en
where,en
how,en
yes,en
no,en
lawyer,en
doctor,en
engineer,en
architect,en
journalist,en
psychologist,en
administrator,en
accountant,en
designer,en
programmer,en
analyst,en
consultant,en
director,en
manager,en
coordinator,en
supervisor,en
assistant,en
technician,en
specialist,en
researcher,en
scientist,en
writer,en
poet,en
artist,en
painter,en
sculptor,en
musician,en
singer,en
actor,en
actress,en
producer,en
editor,en
reviewer,en
translator,en
interpreter,en
photographer,en
videographer,en
illustrator,en
animator,en
developer,en
security analyst,en
network administrator,en
technical support,en
operator,en
mechanic,en
electrician,en
plumber,en
bricklayer,en
carpenter,en
locksmith,en
welder,en
surveyor,en
geologist,en
archaeologist,en
anthropologist,en
sociologist,en
historian,en
geographer,en
philosopher,en
economist,en
statistician,en
mathematician,en
physicist,en
chemist,en
biologist,en
biomedical,en
pharmacist,en
biochemist,en
biotechnologist,en
agronomist,en
veterinarian,en
ecologist,en
meteorologist,en
oceanographer,en
astronomer,en
pilot,en
copilot,en
flight attendant,en
air traffic controller,en
sailor,en
captain,en
helmsman,en
machinist,en
driver,en
truck driver,en
taxi driver,en
cyclist,en
postman,en
delivery person,en
attendant,en
receptionist,en
secretary,en
telephone operator,en
salesperson,en
sales consultant,en
commercial representative,en
account manager,en
real estate agent,en
insurance broker,en
auctioneer,en
merchant,en
entrepreneur,en
industrialist,en
farmer,en
fisherman,en
cook,en
chef,en
confectioner,en
baker,en
butcher,en
fishmonger,en
waiter,en
waitress,en
barman,en
barista,en
sommelier,en
nutritionist,en
dietitian,en
gastronomist,en
hotelier,en
tour guide,en
travel agent,en
event organizer,en
event promoter,en
hostess,en
professional model,en
fashion designer,en
seamstress,en
tailor,en
patternmaker,en
window dresser,en
visual merchandiser,en
fashion buyer,en
hairdresser,en
barber,en
manicurist,en
pedicurist,en
esthetician,en
makeup artist,en
visagist,en
massage therapist,en
physiotherapist,en
occupational therapist,en
speech therapist,en
psychopedagogist,en
neuropsychologist,en
psychiatrist,en
psychoanalyst,en
nurse,en
nursing technician,en
nursing assistant,en
paramedic,en
dentist,en
orthodontist,en
endodontist,en
periodontist,en
surgeon,en
anesthetist,en
pediatrician,en
gynecologist,en
obstetrician,en
cardiologist,en
dermatologist,en
neurologist,en
orthopedist,en
ophthalmologist,en
otolaryngologist,en
urologist,en
oncologist,en
endocrinologist,en
gastroenterologist,en
pulmonologist,en
nephrologist,en
hematologist,en
rheumatologist,en
infectious disease specialist,en
geriatrician,en
occupational doctor,en
forensic doctor,en
medical expert,en
judge,en
prosecutor,en
public defender,en
delegate,en
clerk,en
inspector,en
investigator,en
military police,en
civil police,en
federal police,en
municipal guard,en
firefighter,en
lifeguard,en
security guard,en
vigilante,en
doorman,en
janitor,en
cleaner,en
maid,en
housekeeper,en
butler,en
gardener,en
pool cleaner,en
car washer,en
gas station attendant,en
valet parking,en
collector,en
auditor,en
tax analyst,en
tax consultant,en
financial consultant,en
financial planner,en
investment analyst,en
trader,en
stockbroker,en
banker,en
cashier,en
treasurer,en
financial director,en
controller,en
cost analyst,en
billing clerk,en
administrative assistant,en
hr analyst,en
recruiter,en
headhunter,en
compensation analyst,en
training analyst,en
people manager,en
hr director,en
organizational psychologist,en
marketing analyst,en
social media analyst,en
traffic manager,en
copywriter,en
art director,en
strategic planner,en
branding analyst,en
product manager,en
brand manager,en
public relations,en
press officer,en
lobbyist,en
diplomat,en
ambassador,en
consul,en
international analyst,en
sworn translator,en
university professor,en
scientific researcher,en
pedagogical coordinator,en
school principal,en
educational advisor,en
education supervisor,en
student inspector,en
kindergarten teacher,en
elementary school teacher,en
high school teacher,en
language teacher,en
music teacher,en
dance teacher,en
theater teacher,en
driving instructor,en
flight instructor,en
pilates instructor,en
yoga instructor,en
personal trainer,en
physical trainer,en
soccer coach,en
coach,en
professional athlete,en
soccer player,en
basketball player,en
volleyball player,en
tennis player,en
swimmer,en
runner,en
marathon runner,en
professional cyclist,en
fighter,en
boxer,en
judoka,en
karateka,en
fencer,en
gymnast,en
surfer,en
skateboarder,en
race car driver,en
jockey,en
referee,en
linesman,en
timekeeper,en
sports commentator,en
sports journalist,en
announcer,en
narrator,en
tv presenter,en
reporter,en
anchor,en
radio host,en
sound designer,en
dj,en
music producer,en
sound engineer,en
sound technician,en
roadie,en
lighting designer,en
set designer,en
costume designer,en
dresser,en
scenic makeup artist,en
stagehand,en
ticket seller,en
usher,en
popcorn seller,en
ice cream man,en
confectioner worker,en
barbecue chef,en
pizza maker,en
sushi chef,en
crepe maker,en
griddle cook,en
counter clerk,en
shelf stocker,en
stock clerk,en
checker,en
sorter,en
packer,en
loader,en
general helper,en
bricklayer helper,en
reinforcing ironworker,en
formwork carpenter,en
paver,en
asphalt worker,en
backhoe operator,en
crane operator,en
forklift operator,en
bus driver,en
ambulance driver,en
abstract,en
concrete,en
absolute,en
relative,en
subjective,en
objective,en
rational,en
irrational,en
logical,en
illogical,en
theoretical,en
practical,en
empirical,en
scientific,en
academic,en
intellectual,en
cultural,en
artistic,en
literary,en
poetic,en
musical,en
visual,en
auditory,en
tactile,en
olfactory,en
gustatory,en
sensory,en
perceptive,en
cognitive,en
mental,en
spiritual,en
emotional,en
psychological,en
social,en
political,en
economic,en
financial,en
commercial,en
industrial,en
technological,en
digital,en
virtual,en
analog,en
electronic,en
mechanical,en
automatic,en
manual,en
physical,en
chemical,en
biological,en
ecological,en
environmental,en
natural,en
artificial,en
synthetic,en
organic,en
inorganic,en
mineral,en
vegetable,en
animal,en
human,en
divine,en
sacred,en
profane,en
religious,en
secular,en
atheist,en
agnostic,en
believer,en
faithful,en
faithless,en
loyal,en
disloyal,en
honest,en
dishonest,en
sincere,en
false,en
true,en
wrong,en
correct,en
incorrect,en
just,en
unjust,en
moral,en
immoral,en
amoral,en
ethical,en
unethical,en
legal,en
illegal,en
licit,en
illicit,en
valid,en
invalid,en
legitimate,en
illegitimate,en
official,en
unofficial,en
public,en
private,en
particular,en
collective,en
individual,en
personal,en
impersonal,en
universal,en
general,en
specific,en
special,en
common,en
rare,en
frequent,en
infrequent,en
occasional,en
sporadic,en
constant,en
variable,en
permanent,en
temporary,en
provisional,en
definitive,en
ephemeral,en
long-lasting,en
eternal,en
finite,en
infinite,en
limited,en
unlimited,en
restricted,en
unrestricted,en
ample,en
narrow,en
wide,en
long,en
short,en
high,en
low,en
deep,en
superficial,en
external,en
internal,en
interior,en
exterior,en
central,en
peripheral,en
marginal,en
urban,en
rural,en
local,en
regional,en
national,en
international,en
global,en
worldwide,en
cosmic,en
spatial,en
temporal,en
chronological,en
historical,en
current,en
modern,en
contemporary,en
ancient,en
old,en
young,en
adult,en
infantile,en
juvenile,en
senile,en
paternal,en
maternal,en
fraternal,en
familiar,en
marital,en
communitarian,en
cooperative,en
competitive,en
supportive,en
selfish,en
altruistic,en
generous,en
stingy,en
spendthrift,en
prudent,en
imprudent,en
cautious,en
bold,en
courageous,en
cowardly,en
timid,en
extroverted,en
introverted,en
sociable,en
antisocial,en
sympathetic,en
antipathetic,en
pleasant,en
unpleasant,en
amiable,en
hostile,en
friendly,en
aggressive,en
peaceful,en
calm,en
nervous,en
tranquil,en
agitated,en
serene,en
anxious,en
patient,en
impatient,en
tolerant,en
intolerant,en
understanding,en
insensitive,en
sensitive,en
cold,en
warm,en
affectionate,en
indifferent,en
apathetic,en
enthusiastic,en
motivated,en
demotivated,en
interested,en
disinterested,en
curious,en
attentive,en
distracted,en
focused,en
scattered,en
organized,en
disorganized,en
methodical,en
chaotic,en
clean,en
dirty,en
pure,en
polluted,en
contaminated,en
healthy,en
sick,en
ill,en
strong,en
weak,en
resistant,en
fragile,en
durable,en
brittle,en
solid,en
liquid,en
gaseous,en
fluid,en
viscous,en
dense,en
heavy,en
light,en
mass,en
volume,en
density,en
pressure,en
temperature,en
heat,en
cold,en
climate,en
weather,en
atmosphere,en
biosphere,en
ecosystem,en
habitat,en
biodiversity,en
species,en
genus,en
family,en
order,en
class,en
phylum,en
kingdom,en
organism,en
cell,en
tissue,en
organ,en
system,en
skeleton,en
muscle,en
skin,en
blood,en
heart,en
lung,en
brain,en
stomach,en
liver,en
kidney,en
intestine,en
bone,en
cartilage,en
joint,en
tendon,en
nerve,en
vein,en
artery,en
capillary,en
hormone,en
enzyme,en
protein,en
carbohydrate,en
lipid,en
vitamin,en
mineral,en
water,en
oxygen,en
carbon,en
hydrogen,en
nitrogen,en
calcium,en
iron,en
potassium,en
sodium,en
magnesium,en
phosphorus,en
sulfur,en
chlorine,en
zinc,en
copper,en
iodine,en
fluorine,en
aluminum,en
lead,en
mercury,en
gold,en
silver,en
bronze,en
steel,en
metal,en
plastic,en
glass,en
ceramic,en
wood,en
paper,en
cardboard,en
fabric,en
cotton,en
wool,en
silk,en
linen,en
synthetic,en
polyester,en
nylon,en
rubber,en
leather,en
stone,en
marble,en
granite,en
limestone,en
clay,en
sand,en
gravel,en
cement,en
concrete,en
brick,en
tile,en
paint,en
varnish,en
glue,en
adhesive,en
solvent,en
fuel,en
gasoline,en
diesel,en
ethanol,en
biodiesel,en
natural gas,en
coal,en
firewood,en
maison,fr
appartement,fr
chambre,fr
cuisine,fr
salle de bain,fr
fenêtre,fr
porte,fr
mur,fr
plafond,fr
sol,fr
table,fr
chaise,fr
canapé,fr
lit,fr
placard,fr
lampe,fr
miroir,fr
tapis,fr
garage,fr
jardin,fr
rue,fr
avenue,fr
quartier,fr
ville,fr
village,fr
pays,fr
champ,fr
plage,fr
montagne,fr
forêt,fr
rivière,fr
mer,fr
île,fr
monde,fr
terre,fr
ciel,fr
soleil,fr
lune,fr
étoile,fr
nuage,fr
pluie,fr
vent,fr
tempête,fr
neige,fr
feu,fr
eau,fr
glace,fr
sable,fr
pierre,fr
animal,fr
chien,fr
chat,fr
cheval,fr
oiseau,fr
poisson,fr
vache,fr
cochon,fr
poulet,fr
insecte,fr
arbre,fr
fleur,fr
feuille,fr
fruit,fr
pomme,fr
banane,fr
orange,fr
raisin,fr
nourriture,fr
riz,fr
haricot,fr
viande,fr
pain,fr
fromage,fr
lait,fr
café,fr
thé,fr
sucre,fr
sel,fr
famille,fr
père,fr
mère,fr
fils,fr
fille,fr
frère,fr
sœur,fr
grand-père,fr
ami,fr
amour,fr
bonheur,fr
tristesse,fr
joie,fr
peur,fr
colère,fr
espoir,fr
vie,fr
mort,fr
temps,fr
jour,fr
nuit,fr
matin,fr
après-midi,fr
semaine,fr
mois,fr
an,fr
aujourd'hui,fr
hier,fr
demain,fr
moment,fr
heure,fr
minute,fr
seconde,fr
beau,fr
information,fr
informer,fr
communication,fr
communauté,fr
éducation,fr
université,fr
étudiant,fr
professeur,fr
école,fr
collège,fr
science,fr
technologie,fr
mathématiques,fr
physique,fr
chimie,fr
biologie,fr
histoire,fr
géographie,fr
philosophie,fr
langue,fr
mot,fr
phrase,fr
texte,fr
livre,fr
lecture,fr
écriture,fr
recherche,fr
étude,fr
connaissance,fr
apprentissage,fr
développement,fr
création,fr
projet,fr
système,fr
programme,fr
ordinateur,fr
internet,fr
logiciel,fr
matériel,fr
code,fr
application,fr
fichier,fr
données,fr
réseau,fr
sécurité,fr
énergie,fr
électricité,fr
machine,fr
ingénierie,fr
industrie,fr
entreprise,fr
commerce,fr
économie,fr
marché,fr
argent,fr
produit,fr
service,fr
client,fr
travail,fr
profession,fr
carrière,fr
expérience,fr
qualité,fr
résultat,fr
processus,fr
méthode,fr
analyse,fr
problème,fr
solution,fr
décision,fr
possibilité,fr
nécessité,fr
important,fr
différent,fr
simple,fr
complexe,fr
rapide,fr
lent,fr
fort,fr
faible,fr
grand,fr
petit,fr
nouveau,fr
vieux,fr
meilleur,fr
pire,fr
développer,fr
parler,fr
dire,fr
raconter,fr
demander,fr
répondre,fr
écouter,fr
entendre,fr
voir,fr
regarder,fr
sentir,fr
penser,fr
se souvenir,fr
oublier,fr
savoir,fr
comprendre,fr
apprendre,fr
enseigner,fr
lire,fr
écrire,fr
créer,fr
faire,fr
faire,fr
utiliser,fr
ouvrir,fr
fermer,fr
entrer,fr
partir,fr
arriver,fr
partir,fr
marcher,fr
courir,fr
sauter,fr
nager,fr
voler,fr
voyager,fr
manger,fr
boire,fr
cuisiner,fr
acheter,fr
vendre,fr
payer,fr
gagner,fr
perdre,fr
trouver,fr
chercher,fr
mettre,fr
prendre,fr
bouger,fr
arrêter,fr
commencer,fr
finir,fr
continuer,fr
changer,fr
grandir,fr
vivre,fr
mourir,fr
aimer,fr
aider,fr
avoir besoin,fr
vouloir,fr
pouvoir,fr
devoir,fr
essayer,fr
attendre,fr
décider,fr
choisir,fr
permettre,fr
recevoir,fr
envoyer,fr
montrer,fr
suivre,fr
retourner,fr
rester,fr
garder,fr
remarquer,fr
résoudre,fr
adaptation,fr
organisation,fr
nation,fr
situation,fr
relation,fr
production,fr
traduction,fr
opération,fr
préparation,fr
présentation,fr
construction,fr
direction,fr
fonction,fr
expression,fr
émotion,fr
mouvement,fr
pensée,fr
sentiment,fr
élément,fr
document,fr
instrument,fr
argument,fr
exemple,fr
modèle,fr
forme,fr
partie,fr
ligne,fr
point,fr
nombre,fr
groupe,fr
ordre,fr
place,fr
question,fr
raison,fr
cas,fr
côté,fr
type,fr
niveau,fr
zone,fr
base,fr
centre,fr
fin,fr
début,fr
milieu,fr
bas,fr
haut,fr
dedans,fr
dehors,fr
près,fr
loin,fr
droit,fr
gauche,fr
ensemble,fr
seul,fr
toujours,fr
jamais,fr
quelque,fr
aucun,fr
beaucoup,fr
peu,fr
plus,fr
moins,fr
encore,fr
maintenant,fr
après,fr
avant,fr
pourquoi,fr
quand,fr
où,fr
comment,fr
oui,fr
non,fr
avocat,fr
médecin,fr
ingénieur,fr
architecte,fr
journaliste,fr
psychologue,fr
administrateur,fr
comptable,fr
designer,fr
programmeur,fr
analyste,fr
consultant,fr
directeur,fr
manager,fr
coordinateur,fr
superviseur,fr
assistant,fr
technicien,fr
spécialiste,fr
chercheur,fr
scientifique,fr
écrivain,fr
poète,fr
artiste,fr
peintre,fr
sculpteur,fr
musicien,fr
chanteur,fr
acteur,fr
actrice,fr
producteur,fr
éditeur,fr
critique,fr
traducteur,fr
interprète,fr
photographe,fr
vidéaste,fr
illustrateur,fr
animateur,fr
développeur,fr
analyste de sécurité,fr
administrateur réseau,fr
support technique,fr
opérateur,fr
mécanicien,fr
électricien,fr
plombier,fr
maçon,fr
charpentier,fr
serrurier,fr
soudeur,fr
géomètre,fr
géologue,fr
archéologue,fr
anthropologue,fr
sociologue,fr
historien,fr
géographe,fr
philosophe,fr
économiste,fr
statisticien,fr
mathématicien,fr
physicien,fr
chimiste,fr
biologiste,fr
biomédical,fr
pharmacien,fr
biochimiste,fr
biologiste médical,fr
agronome,fr
vétérinaire,fr
écologiste,fr
météorologue,fr
océanographe,fr
astronome,fr
pilote,fr
copilote,fr
steward,fr
contrôleur aérien,fr
marin,fr
capitaine,fr
timonier,fr
machiniste,fr
conducteur,fr
camionneur,fr
chauffeur de taxi,fr
cycliste,fr
facteur,fr
livreur,fr
employé,fr
réceptionniste,fr
secrétaire,fr
standardiste,fr
vendeur,fr
conseiller de vente,fr
représentant commercial,fr
gestionnaire de compte,fr
agent immobilier,fr
courtier en assurances,fr
commissaire-priseur,fr
commerçant,fr
entrepreneur,fr
industriel,fr
fermier,fr
pêcheur,fr
cuisinier,fr
chef,fr
confiseur,fr
boulanger,fr
boucher,fr
poissonnier,fr
serveur,fr
serveuse,fr
barman,fr
barista,fr
sommelier,fr
nutritionniste,fr
diététicien,fr
gastronome,fr
hôtelier,fr
guide touristique,fr
agent de voyage,fr
organisateur d'événements,fr
promoteur d'événements,fr
hôtesse,fr
mannequin professionnel,fr
styliste,fr
couturière,fr
tailleur,fr
modéliste,fr
étalagiste,fr
visuel merchandiser,fr
acheteur de mode,fr
coiffeur,fr
barbier,fr
manucure,fr
pédicure,fr
esthéticienne,fr
maquilleur,fr
visagiste,fr
masseur,fr
physiothérapeute,fr
ergothérapeute,fr
orthophoniste,fr
psychopédagogue,fr
neuropsychologue,fr
psychiatre,fr
psychanalyste,fr
infirmier,fr
technicien en soins infirmiers,fr
aide-soignant,fr
ambulancier,fr
dentiste,fr
orthodontiste,fr
endodontiste,fr
parodontiste,fr
chirurgien,fr
anesthésiste,fr
pédiatre,fr
gynécologue,fr
obstétricien,fr
cardiologue,fr
dermatologue,fr
neurologue,fr
orthopédiste,fr
ophtalmologue,fr
oto-rhino-laryngologiste,fr
urologue,fr
oncologue,fr
endocrinologue,fr
gastro-entérologue,fr
pneumologue,fr
néphrologue,fr
hématologue,fr
rhumatologue,fr
infectiologue,fr
gériatre,fr
médecin du travail,fr
médecin légiste,fr
expert médical,fr
juge,fr
procureur,fr
avocat commis d'office,fr
délégué,fr
greffier,fr
inspecteur,fr
enquêteur,fr
gendarme,fr
police civile,fr
police fédérale,fr
garde municipal,fr
pompier,fr
maître-nageur,fr
agent de sécurité,fr
vigile,fr
gardien,fr
concierge,fr
agent d'entretien,fr
femme de ménage,fr
gouvernante,fr
majordome,fr
jardinier,fr
pisciniste,fr
laveur de voitures,fr
pompiste,fr
voiturier,fr
encaisseur,fr
auditeur,fr
analyste fiscal,fr
conseiller fiscal,fr
conseiller financier,fr
planificateur financier,fr
analyste financier,fr
trader,fr
courtier en bourse,fr
banquier,fr
caissier,fr
trésorier,fr
directeur financier,fr
contrôleur de gestion,fr
analyste des coûts,fr
agent de facturation,fr
assistant administratif,fr
analyste rh,fr
recruteur,fr
chasseur de têtes,fr
analyste rémunération,fr
analyste formation,fr
gestionnaire des ressources humaines,fr
directeur rh,fr
psychologue du travail,fr
analyste marketing,fr
community manager,fr
traffic manager,fr
concepteur-rédacteur,fr
directeur artistique,fr
planificateur stratégique,fr
analyste de marque,fr
chef de produit,fr
chef de marque,fr
relations publiques,fr
attaché de presse,fr
lobbyiste,fr
diplomate,fr
ambassadeur,fr
consul,fr
analyste international,fr
traducteur juré,fr
professeur d'université,fr
chercheur scientifique,fr
coordinateur pédagogique,fr
directeur d'école,fr
conseiller pédagogique,fr
inspecteur de l'éducation,fr
surveillant,fr
instituteur,fr
professeur des écoles,fr
professeur de lycée,fr
professeur de langues,fr
professeur de musique,fr
professeur de danse,fr
professeur de théâtre,fr
moniteur d'auto-école,fr
instructeur de vol,fr
instructeur de pilates,fr
instructeur de yoga,fr
coach sportif,fr
préparateur physique,fr
entraîneur de football,fr
entraîneur,fr
athlète professionnel,fr
footballeur,fr
basketteur,fr
volleyeur,fr
joueur de tennis,fr
nageur,fr
coureur,fr
marathonien,fr
cycliste professionnel,fr
combattant,fr
boxeur,fr
judoka,fr
karatéka,fr
escrimeur,fr
gymnaste,fr
surfeur,fr
skateur,fr
pilote de course,fr
jockey,fr
arbitre,fr
juge de ligne,fr
chronométreur,fr
commentateur sportif,fr
journaliste sportif,fr
présentateur,fr
conteur,fr
présentateur tv,fr
reporter,fr
présentateur vedette,fr
animateur radio,fr
concepteur sonore,fr
dj,fr
producteur de musique,fr
ingénieur du son,fr
technicien du son,fr
roadie,fr
concepteur lumière,fr
scénographe,fr
créateur de costumes,fr
habilleur,fr
maquilleur artistique,fr
machiniste de théâtre,fr
guichetier,fr
placeur,fr
vendeur de pop-corn,fr
marchand de glaces,fr
ouvrier confiseur,fr
maître du barbecue,fr
pizzaiolo,fr
maître sushi,fr
crêpier,fr
cuisinier de plancha,fr
vendeur au comptoir,fr
mise en rayon,fr
gestionnaire de stock,fr
contrôleur,fr
trieur,fr
emballeur,fr
chargeur,fr
manœuvre,fr
aide-maçon,fr
ferrailleur,fr
coffreur,fr
paveur,fr
ouvrier routier,fr
conducteur de tractopelle,fr
conducteur de grue,fr
cariste,fr
chauffeur de bus,fr
conducteur d'ambulance,fr
abstrait,fr
concret,fr
absolu,fr
relatif,fr
subjectif,fr
objectif,fr
rationnel,fr
irrationnel,fr
logique,fr
illogique,fr
théorique,fr
pratique,fr
empirique,fr
scientifique,fr
académique,fr
intellectuel,fr
culturel,fr
artistique,fr
littéraire,fr
poétique,fr
musical,fr
visuel,fr
auditif,fr
tactile,fr
olfactif,fr
gustatif,fr
sensoriel,fr
perceptif,fr
cognitif,fr
mental,fr
spirituel,fr
émotionnel,fr
psychologique,fr
social,fr
politique,fr
économique,fr
financier,fr
commercial,fr
industriel,fr
technologique,fr
digital,fr
virtuel,fr
analogique,fr
électronique,fr
mécanique,fr
automatique,fr
manuel,fr
physique,fr
chimique,fr
biologique,fr
écologique,fr
environnemental,fr
naturel,fr
artificiel,fr
synthétique,fr
organique,fr
inorganique,fr
minéral,fr
végétal,fr
animal,fr
humain,fr
divin,fr
sacré,fr
profane,fr
religieux,fr
laïque,fr
athée,fr
agnostique,fr
croyant,fr
fidèle,fr
infidèle,fr
loyal,fr
déloyal,fr
honnête,fr
malhonnête,fr
sincère,fr
faux,fr
vrai,fr
faux,fr
correct,fr
incorrect,fr
juste,fr
injuste,fr
moral,fr
immoral,fr
amoral,fr
éthique,fr
antiéthique,fr
légal,fr
illégal,fr
licite,fr
illicite,fr
valide,fr
invalide,fr
légitime,fr
illégitime,fr
officiel,fr
officieux,fr
public,fr
privé,fr
particulier,fr
collectif,fr
individuel,fr
personnel,fr
impersonnel,fr
universel,fr
général,fr
spécifique,fr
spécial,fr
commun,fr
rare,fr
fréquent,fr
rare,fr
occasionnel,fr
sporadique,fr
constant,fr
variable,fr
permanent,fr
temporaire,fr
provisoire,fr
définitif,fr
éphémère,fr
durable,fr
éternel,fr
fini,fr
infini,fr
limité,fr
illimité,fr
restreint,fr
sans restriction,fr
vaste,fr
étroit,fr
large,fr
long,fr
court,fr
haut,fr
bas,fr
profond,fr
superficiel,fr
externe,fr
interne,fr
intérieur,fr
extérieur,fr
central,fr
périphérique,fr
marginal,fr
urbain,fr
rural,fr
local,fr
régional,fr
national,fr
international,fr
global,fr
mondial,fr
cosmique,fr
spatial,fr
temporel,fr
chronologique,fr
historique,fr
actuel,fr
moderne,fr
contemporain,fr
ancien,fr
vieux,fr
jeune,fr
adulte,fr
infantile,fr
juvénile,fr
sénile,fr
paternel,fr
maternel,fr
fraternel,fr
familial,fr
conjugal,fr
communautaire,fr
coopératif,fr
compétitif,fr
solidaire,fr
égoïste,fr
altruiste,fr
généreux,fr
avare,fr
pensif,fr
dépensier,fr
prudent,fr
imprudent,fr
prudent,fr
audacieux,fr
courageux,fr
lâche,fr
timide,fr
extraverti,fr
introverti,fr
sociable,fr
antisocial,fr
sympathique,fr
antipathique,fr
agréable,fr
désagréable,fr
aimable,fr
hostile,fr
amical,fr
agressif,fr
pacifique,fr
calme,fr
nerveux,fr
tranquille,fr
agité,fr
serein,fr
anxieux,fr
patient,fr
impatient,fr
tolérant,fr
intolérant,fr
compréhensif,fr
insensible,fr
sensible,fr
froid,fr
chaud,fr
affectueux,fr
indifférent,fr
apathique,fr
enthousiaste,fr
motivé,fr
démotivé,fr
intéressé,fr
désintéressé,fr
curieux,fr
attentif,fr
distrait,fr
concentré,fr
dispersé,fr
organisé,fr
désorganisé,fr
méthodique,fr
chaotique,fr
propre,fr
sale,fr
pur,fr
pollué,fr
contaminé,fr
sain,fr
malade,fr
malade,fr
fort,fr
faible,fr
résistant,fr
fragile,fr
durable,fr
cassant,fr
solide,fr
liquide,fr
gazeux,fr
fluide,fr
visqueux,fr
dense,fr
lourd,fr
léger,fr
masse,fr
volume,fr
densité,fr
pression,fr
température,fr
chaleur,fr
froid,fr
climat,fr
météo,fr
atmosphère,fr
biosphère,fr
écosystème,fr
habitat,fr
biodiversité,fr
espèce,fr
genre,fr
famille,fr
ordre,fr
classe,fr
phylum,fr
règne,fr
organisme,fr
cellule,fr
tissu,fr
organe,fr
système,fr
squelette,fr
muscle,fr
peau,fr
sang,fr
cœur,fr
poumon,fr
cerveau,fr
estomac,fr
foie,fr
rein,fr
intestin,fr
os,fr
cartilage,fr
articulation,fr
tendon,fr
nerf,fr
veine,fr
artère,fr
capillaire,fr
hormone,fr
enzyme,fr
protéine,fr
glucide,fr
lipide,fr
vitamine,fr
minéral,fr
eau,fr
oxygène,fr
carbone,fr
hydrogène,fr
azote,fr
calcium,fr
fer,fr
potassium,fr
sodium,fr
magnésium,fr
phosphore,fr
soufre,fr
chlore,fr
zinc,fr
cuivre,fr
iode,fr
fluor,fr
aluminium,fr
plomb,fr
mercure,fr
or,fr
argent,fr
bronze,fr
acier,fr
métal,fr
plastique,fr
verre,fr
céramique,fr
bois,fr
papier,fr
carton,fr
tissu,fr
coton,fr
laine,fr
soie,fr
lin,fr
synthétique,fr
polyester,fr
nylon,fr
caoutchouc,fr
cuir,fr
pierre,fr
marbre,fr
granit,fr
calcaire,fr
argile,fr
sable,fr
gravier,fr
ciment,fr
béton,fr
brique,fr
tuile,fr
peinture,fr
vernis,fr
colle,fr
adhésif,fr
solvant,fr
carburant,fr
essence,fr
diesel,fr
éthanol,fr
biodiesel,fr
gaz naturel,fr
charbon,fr
bois de chauffage,fr